<?xml version="1.0" encoding="utf-8"?>
<!--
This file is part of the DITA Open Toolkit project.

Copyright 2004, 2005 IBM Corporation

See the accompanying LICENSE file for applicable license.
-->

<strings xml:lang="zh-cn">        <!-- Simplified Chinese -->

<!-- various labels (not author controlled) -->
<str name="Figure">图</str>
<str name="Table">表</str>
<str name="Next topic">下一主题</str>
<str name="Previous topic">上一主题</str>
<str name="Parent topic">父主题</str>
<str name="Required cleanup">需要修正</str>
<str name="Draft comment">非正式版注释</str>
<str name="Option">选项</str>
<str name="Description">描述</str>
<str name="Optional">可选</str>
<str name="Required">必需</str>
<str name="Skip visual syntax diagram">跳过直观语法图</str>
<str name="Read syntax diagram">阅读语法图</str>
<str name="Start of change">更新开始</str>
<str name="End of change">更新结束</str>
<str name="Index">索引</str>
<str name="Special characters">特别字符</str>
<str name="Numerics">数字</str>
<str name="End notes">结尾注释</str>
<str name="Artwork">图片</str>
<str name="Syntax">语法</str>
<str name="Type">类型</str>
<str name="Value">值</str>
<!-- Text that goes before a link to a topic -->
<str name="intro-to-topic-link"></str>

<!-- peril notice labels -->
<str name="Note">注</str>
<str name="Notes">注</str>
<str name="Tip">提示</str>
<str name="Fastpath">捷径</str>
<str name="Important">重要</str>
<str name="Attention">注意</str>
<str name="Caution">警告</str>
<str name="Danger">危险</str>
<str name="Remember">切记</str>
<str name="Restriction">限制</str>
<str name="Warning">警告</str>

<!-- default title text for section level generated sections -->
<str name="Contents">内容</str>
<str name="Related concepts">相关概念</str>
<str name="Related tasks">相关任务</str>
<str name="Related reference">相关参考</str>
<str name="Related information">相关信息</str>

<str name="Prerequisite">先决条件</str>
<str name="Prerequisites">先决条件</str>
<str name="or">或</str>
<str name="figure-number-separator"> </str>

<!--Task section labels -->
<str name="task_context">关于此任务</str>
<str name="task_example">示例</str>
<str name="task_postreq">下一步做什么</str>
<str name="task_prereq">开始之前</str>
<str name="task_procedure">过程</str>
<str name="task_procedure_unordered">过程</str>
<str name="task_results">结果</str>

<str name="Copyright">版权</str>

<!-- Symbols -->
<str name="OpenQuote">“</str>
<str name="CloseQuote">”</str>
<str name="ColonSymbol">：</str>
<str name="#menucascade-separator"> &gt; </str>
<str name="a11y.and-then"></str>

</strings>
