<?xml version="1.0"?>
<!--
This file is part of the DITA Open Toolkit project.

Copyright 2006 IBM Corporation

See the accompanying LICENSE file for applicable license.
-->
<project xmlns:dita="http://dita-ot.sourceforge.net" name="DOST" default="init">
  
  <property file="${dita.dir}/local.properties"/>
  
  <!-- Initialize DITA-OT base directory -->
  <dirname property="ant.file.DOST.dir" file="${ant.file.DOST}" />
  <condition property="dita.dir" value="${ant.file.DOST.dir}">
    <not>
      <isset property="dita.dir" />
    </not>
  </condition>
  <condition property="dita.dir" value="${basedir}">
    <not>
      <isset property="dita.dir" />
    </not>
  </condition>
    
  <path id="dost.class.path">
    <dita:extension id="dita.conductor.lib.import" behavior="org.dita.dost.platform.ImportAntLibAction"/>
    <pathelement location="${dita.dir}/lib/dost.jar"/>
    <pathelement location="${dita.dir}/lib/dost-configuration.jar"/>
  </path>
  
  <target name="init">
    <dita-ot-fail id="DOTA001F">
      <condition>
        <and>
          <dita:extension id="dita.conductor.transtype.check" behavior="org.dita.dost.platform.CheckTranstypeAction"
                          property="transtype"/>
        </and>
      </condition>
      <param name="1" value="${transtype}"/>
    </dita-ot-fail>
    <condition property="clean.temp" value="true">
      <not><isset property="clean.temp"/></not>
    </condition>
    <condition property="clean-temp.skip">
      <isfalse value="${clean.temp}"/>
    </condition>
    <antcall>
      <target name="dita2${transtype}"/>
      <target name="clean-temp"/>
    </antcall>
  </target>
  
  <dita:extension id="dita.conductor.plugin" behavior="org.dita.dost.platform.ImportPluginInfoAction"/>
  <dita:extension id="dita.conductor.target.relative" behavior="org.dita.dost.platform.InsertAntActionRelative"/>  
  <dita:extension id="dita.conductor.target" behavior="org.dita.dost.platform.InsertAction"/>
  
  <!-- Deprecated since 2.1 -->
  <target name="help">
    <echo level="info">See http://www.dita-ot.org/${otrelease}/</echo>
  </target>

</project>
